# COMPLETE build 70009: 31716 spells exist, highest 1322007, scanned to 1522007; names skipped 0, hidden 13; 30 Well Fed spells, 10 with an empty description
# hidden: 27997, 32837, 32980, 32981, 34320, 34584, 37214, 37655, 38334, 39440, 243798, 243809, 245186
19705	
19706	
19708	If you spend at least 10 seconds eating you will become well fed and gain 6 Stamina and Spirit for 15 min.
19709	
19710	
19711	
24799	
24870	
25694	
25941	
1225778	If you spend at least 10 sec eating you will become Well Fed and gain 25 Strength and 10 Stamina for 15 min.
1225779	If you spend at least 10 sec eating you will become Well Fed and gain 25 Agility and 10 Stamina for 15 min.
1225780	If you spend at least 10 sec eating you will become Well Fed and gain 25 Spell Damage, 55 Healing Power, and 10 Stamina for 15 min.
1225782	If you spend at least 10 sec eating you will become Well Fed and gain 20 Attack Power, 23 Spell Damage, 44 Healing Power, and 10 Stamina for 45 min.
1248406	A nutritious meal has made you Well Fed, increasing your Stamina.
1248420	A nutritious meal has made you Well Fed, increasing your Agility.
1248421	A nutritious meal has made you Well Fed, increasing your Intellect.
1248422	A nutritious meal has made you Well Fed, increasing your Strength.
1248688	A nutritious meal has made you Well Fed, increasing your movement speed.
1249519	A nutritious meal has made you Well Fed, increasing your Attack Power.
1249520	A nutritious meal has made you Well Fed, increasing your Spell Damage.
1249521	A nutritious meal has made you Well Fed, increasing your Fishing Skill.
1249523	A nutritious meal has made you Well Fed, increasing your chance to deal a critical strike.
1249907	A tasty drink has made you Well Fed, increasing your herbalism skill.
1249926	A tasty drink has made you Well Fed, increasing your Spirit.
1249927	A tasty drink has made you Well Fed, increasing your Healing Power.
1283082	
1294007	A nutritious meal has made you Well Fed, increasing your movement speed.
1302064	A nutritious meal has made you Well Fed, increasing your Strength.
1319310	A nutritious meal has made you Well Fed, increasing your Armor..
